name,typePackageName,typeQualifiedName,typeName,callerLabel,callerMethodQualifiedSignature,callerMethodSignature,callerBeginLine,callerBeginColumn,calleePackageName,calleeTypeQualifiedName,calleeTypeName,calleeMethodQualifiedSignature,calleeMethodSignature,calleeBeginLine,calleeBeginColumn
TaskController.java,com.example.demo.controller,com.example.demo.controller.TaskController,TaskController,"com.example.demo.controller.TaskController.listTasks(org.springframework.ui.Model, java.lang.String)","com.example.demo.controller.TaskController.listTasks(org.springframework.ui.Model, java.lang.String)","listTasks(org.springframework.ui.Model, java.lang.String)",27,5,java.lang,java.lang.String,String,java.lang.String.equals(java.lang.Object),equals(java.lang.Object),29,13
TaskController.java,com.example.demo.controller,com.example.demo.controller.TaskController,TaskController,"com.example.demo.controller.TaskController.listTasks(org.springframework.ui.Model, java.lang.String)","com.example.demo.controller.TaskController.listTasks(org.springframework.ui.Model, java.lang.String)","listTasks(org.springframework.ui.Model, java.lang.String)",27,5,,,,,addAttribute,30,13
TaskController.java,com.example.demo.controller,com.example.demo.controller.TaskController,TaskController,"com.example.demo.controller.TaskController.listTasks(org.springframework.ui.Model, java.lang.String)","com.example.demo.controller.TaskController.listTasks(org.springframework.ui.Model, java.lang.String)","listTasks(org.springframework.ui.Model, java.lang.String)",27,5,,,,,findCompletedTasks,30,41
TaskController.java,com.example.demo.controller,com.example.demo.controller.TaskController,TaskController,"com.example.demo.controller.TaskController.listTasks(org.springframework.ui.Model, java.lang.String)","com.example.demo.controller.TaskController.listTasks(org.springframework.ui.Model, java.lang.String)","listTasks(org.springframework.ui.Model, java.lang.String)",27,5,java.lang,java.lang.String,String,java.lang.String.equals(java.lang.Object),equals(java.lang.Object),31,20
TaskController.java,com.example.demo.controller,com.example.demo.controller.TaskController,TaskController,"com.example.demo.controller.TaskController.listTasks(org.springframework.ui.Model, java.lang.String)","com.example.demo.controller.TaskController.listTasks(org.springframework.ui.Model, java.lang.String)","listTasks(org.springframework.ui.Model, java.lang.String)",27,5,,,,,addAttribute,32,13
TaskController.java,com.example.demo.controller,com.example.demo.controller.TaskController,TaskController,"com.example.demo.controller.TaskController.listTasks(org.springframework.ui.Model, java.lang.String)","com.example.demo.controller.TaskController.listTasks(org.springframework.ui.Model, java.lang.String)","listTasks(org.springframework.ui.Model, java.lang.String)",27,5,,,,,findIncompleteTasks,32,41
TaskController.java,com.example.demo.controller,com.example.demo.controller.TaskController,TaskController,"com.example.demo.controller.TaskController.listTasks(org.springframework.ui.Model, java.lang.String)","com.example.demo.controller.TaskController.listTasks(org.springframework.ui.Model, java.lang.String)","listTasks(org.springframework.ui.Model, java.lang.String)",27,5,,,,,addAttribute,34,13
TaskController.java,com.example.demo.controller,com.example.demo.controller.TaskController,TaskController,"com.example.demo.controller.TaskController.listTasks(org.springframework.ui.Model, java.lang.String)","com.example.demo.controller.TaskController.listTasks(org.springframework.ui.Model, java.lang.String)","listTasks(org.springframework.ui.Model, java.lang.String)",27,5,,,,,findAllTasks,34,41
TaskController.java,com.example.demo.controller,com.example.demo.controller.TaskController,TaskController,"com.example.demo.controller.TaskController.listTasks(org.springframework.ui.Model, java.lang.String)","com.example.demo.controller.TaskController.listTasks(org.springframework.ui.Model, java.lang.String)","listTasks(org.springframework.ui.Model, java.lang.String)",27,5,org.springframework.ui,org.springframework.ui.Model,Model,"org.springframework.ui.Model.addAttribute(java.lang.String, java.lang.Object)","addAttribute(java.lang.String, java.lang.Object)",36,9
TaskController.java,com.example.demo.controller,com.example.demo.controller.TaskController,TaskController,"com.example.demo.controller.TaskController.searchTasks(java.lang.String, org.springframework.ui.Model)","com.example.demo.controller.TaskController.searchTasks(java.lang.String, org.springframework.ui.Model)","searchTasks(java.lang.String, org.springframework.ui.Model)",41,5,,,,,addAttribute,43,9
TaskController.java,com.example.demo.controller,com.example.demo.controller.TaskController,TaskController,"com.example.demo.controller.TaskController.searchTasks(java.lang.String, org.springframework.ui.Model)","com.example.demo.controller.TaskController.searchTasks(java.lang.String, org.springframework.ui.Model)","searchTasks(java.lang.String, org.springframework.ui.Model)",41,5,,,,,searchTasks,43,37
TaskController.java,com.example.demo.controller,com.example.demo.controller.TaskController,TaskController,"com.example.demo.controller.TaskController.searchTasks(java.lang.String, org.springframework.ui.Model)","com.example.demo.controller.TaskController.searchTasks(java.lang.String, org.springframework.ui.Model)","searchTasks(java.lang.String, org.springframework.ui.Model)",41,5,org.springframework.ui,org.springframework.ui.Model,Model,"org.springframework.ui.Model.addAttribute(java.lang.String, java.lang.Object)","addAttribute(java.lang.String, java.lang.Object)",44,9
TaskController.java,com.example.demo.controller,com.example.demo.controller.TaskController,TaskController,com.example.demo.controller.TaskController.showCreateForm(org.springframework.ui.Model),com.example.demo.controller.TaskController.showCreateForm(org.springframework.ui.Model),showCreateForm(org.springframework.ui.Model),49,5,,,,,addAttribute,51,9
TaskController.java,com.example.demo.controller,com.example.demo.controller.TaskController,TaskController,"public String createTask(@Valid @ModelAttribute(""task"") Task task, BindingResult result, RedirectAttributes attributes)",,,56,5,org.springframework.validation,org.springframework.validation.Errors,Errors,org.springframework.validation.Errors.hasErrors(),hasErrors(),60,13
TaskController.java,com.example.demo.controller,com.example.demo.controller.TaskController,TaskController,"public String createTask(@Valid @ModelAttribute(""task"") Task task, BindingResult result, RedirectAttributes attributes)",,,56,5,,,,,saveTask,64,9
TaskController.java,com.example.demo.controller,com.example.demo.controller.TaskController,TaskController,"public String createTask(@Valid @ModelAttribute(""task"") Task task, BindingResult result, RedirectAttributes attributes)",,,56,5,,,,,addFlashAttribute,65,9
TaskController.java,com.example.demo.controller,com.example.demo.controller.TaskController,TaskController,"com.example.demo.controller.TaskController.showEditForm(java.lang.Long, org.springframework.ui.Model)","com.example.demo.controller.TaskController.showEditForm(java.lang.Long, org.springframework.ui.Model)","showEditForm(java.lang.Long, org.springframework.ui.Model)",70,5,,,,,findTaskById,72,34
TaskController.java,com.example.demo.controller,com.example.demo.controller.TaskController,TaskController,"com.example.demo.controller.TaskController.showEditForm(java.lang.Long, org.springframework.ui.Model)","com.example.demo.controller.TaskController.showEditForm(java.lang.Long, org.springframework.ui.Model)","showEditForm(java.lang.Long, org.springframework.ui.Model)",70,5,,,,,isPresent,73,13
TaskController.java,com.example.demo.controller,com.example.demo.controller.TaskController,TaskController,"com.example.demo.controller.TaskController.showEditForm(java.lang.Long, org.springframework.ui.Model)","com.example.demo.controller.TaskController.showEditForm(java.lang.Long, org.springframework.ui.Model)","showEditForm(java.lang.Long, org.springframework.ui.Model)",70,5,,,,,addAttribute,74,13
TaskController.java,com.example.demo.controller,com.example.demo.controller.TaskController,TaskController,"com.example.demo.controller.TaskController.showEditForm(java.lang.Long, org.springframework.ui.Model)","com.example.demo.controller.TaskController.showEditForm(java.lang.Long, org.springframework.ui.Model)","showEditForm(java.lang.Long, org.springframework.ui.Model)",70,5,,,,,get,74,40
TaskController.java,com.example.demo.controller,com.example.demo.controller.TaskController,TaskController,"public String updateTask(@PathVariable Long id, @Valid @ModelAttribute(""task"") Task task, BindingResult result, RedirectAttributes attributes)",,,81,5,org.springframework.validation,org.springframework.validation.Errors,Errors,org.springframework.validation.Errors.hasErrors(),hasErrors(),86,13
TaskController.java,com.example.demo.controller,com.example.demo.controller.TaskController,TaskController,"public String updateTask(@PathVariable Long id, @Valid @ModelAttribute(""task"") Task task, BindingResult result, RedirectAttributes attributes)",,,81,5,,,,,setId,90,9
TaskController.java,com.example.demo.controller,com.example.demo.controller.TaskController,TaskController,"public String updateTask(@PathVariable Long id, @Valid @ModelAttribute(""task"") Task task, BindingResult result, RedirectAttributes attributes)",,,81,5,,,,,saveTask,91,9
TaskController.java,com.example.demo.controller,com.example.demo.controller.TaskController,TaskController,"public String updateTask(@PathVariable Long id, @Valid @ModelAttribute(""task"") Task task, BindingResult result, RedirectAttributes attributes)",,,81,5,,,,,addFlashAttribute,92,9
TaskController.java,com.example.demo.controller,com.example.demo.controller.TaskController,TaskController,"com.example.demo.controller.TaskController.toggleTaskStatus(java.lang.Long, org.springframework.web.servlet.mvc.support.RedirectAttributes)","com.example.demo.controller.TaskController.toggleTaskStatus(java.lang.Long, org.springframework.web.servlet.mvc.support.RedirectAttributes)","toggleTaskStatus(java.lang.Long, org.springframework.web.servlet.mvc.support.RedirectAttributes)",97,5,,,,,toggleTaskCompletion,99,21
TaskController.java,com.example.demo.controller,com.example.demo.controller.TaskController,TaskController,"com.example.demo.controller.TaskController.toggleTaskStatus(java.lang.Long, org.springframework.web.servlet.mvc.support.RedirectAttributes)","com.example.demo.controller.TaskController.toggleTaskStatus(java.lang.Long, org.springframework.web.servlet.mvc.support.RedirectAttributes)","toggleTaskStatus(java.lang.Long, org.springframework.web.servlet.mvc.support.RedirectAttributes)",97,5,,,,,isCompleted,101,30
TaskController.java,com.example.demo.controller,com.example.demo.controller.TaskController,TaskController,"com.example.demo.controller.TaskController.toggleTaskStatus(java.lang.Long, org.springframework.web.servlet.mvc.support.RedirectAttributes)","com.example.demo.controller.TaskController.toggleTaskStatus(java.lang.Long, org.springframework.web.servlet.mvc.support.RedirectAttributes)","toggleTaskStatus(java.lang.Long, org.springframework.web.servlet.mvc.support.RedirectAttributes)",97,5,,,,,addFlashAttribute,102,13
TaskController.java,com.example.demo.controller,com.example.demo.controller.TaskController,TaskController,"com.example.demo.controller.TaskController.deleteTask(java.lang.Long, org.springframework.web.servlet.mvc.support.RedirectAttributes)","com.example.demo.controller.TaskController.deleteTask(java.lang.Long, org.springframework.web.servlet.mvc.support.RedirectAttributes)","deleteTask(java.lang.Long, org.springframework.web.servlet.mvc.support.RedirectAttributes)",108,5,,,,,deleteTask,110,9
TaskController.java,com.example.demo.controller,com.example.demo.controller.TaskController,TaskController,"com.example.demo.controller.TaskController.deleteTask(java.lang.Long, org.springframework.web.servlet.mvc.support.RedirectAttributes)","com.example.demo.controller.TaskController.deleteTask(java.lang.Long, org.springframework.web.servlet.mvc.support.RedirectAttributes)","deleteTask(java.lang.Long, org.springframework.web.servlet.mvc.support.RedirectAttributes)",108,5,,,,,addFlashAttribute,111,9
